epoch,train_acc,train_loss,val_acc,val_loss
1,0.8305,0.36521390279134114,0.9246666666666666,0.2754080092653315
2,0.95175,0.1686506423552831,0.9316666666666666,0.3280322107862919
